{
  "custom": {},
  "params": {},
  "props": {
    "defaultSize": {
      "height": 767,
      "width": 1292
    }
  },
  "root": {
    "children": [
      {
        "meta": {
          "name": "FlexContainer"
        },
        "position": {
          "height": 0.3742,
          "width": 0.5619,
          "x": 0.2987,
          "y": 0.2413
        },
        "props": {
          "alignItems": "flex-end",
          "justify": "space-between",
          "style": {
            "backgroundColor": "#2F3243",
            "boxShadow": "0px 4px 12px rgba(0, 0, 0, 0.35) "
          }
        },
        "type": "ia.container.flex"
      },
      {
        "meta": {
          "name": "Label_0"
        },
        "position": {
          "height": 0.0824,
          "width": 0.1397,
          "x": 0.033,
          "y": 0.0851
        },
        "propConfig": {
          "props.text": {
            "binding": {
              "config": {
                "expression": "if({[default]water level tags/HH_Alarm},\"Very High\",\r\nif({[default]water level tags/LL_Alarm},\"Very Low\",\r\nif({[default]water level tags/H_Alarm},\"High\",\r\nif({[default]water level tags/L_Alarm},\"Low\",\"Normal\"))))"
              },
              "type": "expr"
            }
          }
        },
        "props": {
          "style": {
            "backgroundColor": "#44475A",
            "borderBottomLeftRadius": 6,
            "borderBottomRightRadius": 6,
            "borderColor": "#6272A4",
            "borderStyle": "solid",
            "borderTopLeftRadius": 6,
            "borderTopRightRadius": 6,
            "borderWidth": 1,
            "boxShadow": "0px 1px 3px rgba(0,0,0,0.4) ",
            "color": "#E8E8E8",
            "paddingBottom": 4,
            "paddingLeft": 10,
            "paddingRight": 10,
            "paddingTop": 4,
            "textAlign": "center"
          },
          "textStyle": {
            "fontSize": 28,
            "fontWeight": "bold",
            "textAlign": "center"
          }
        },
        "type": "ia.display.label"
      },
      {
        "meta": {
          "name": "Label_1"
        },
        "position": {
          "height": 0.0482,
          "width": 0.0692,
          "x": 0.6015,
          "y": 0.5697
        },
        "propConfig": {
          "meta.visible": {
            "binding": {
              "config": {
                "fallbackDelay": 2.5,
                "mode": "direct",
                "tagPath": "[default]water level tags/Pump_on"
              },
              "type": "tag"
            }
          }
        },
        "props": {
          "text": "Pump on",
          "textStyle": {
            "color": "#42B351"
          }
        },
        "type": "ia.display.label"
      },
      {
        "meta": {
          "name": "Label_2"
        },
        "position": {
          "height": 0.0482,
          "width": 0.0787,
          "x": 0.6678,
          "y": 0.571
        },
        "propConfig": {
          "meta.visible": {
            "binding": {
              "config": {
                "fallbackDelay": 2.5,
                "mode": "direct",
                "tagPath": "[default]water level tags/Valve_on"
              },
              "type": "tag"
            }
          }
        },
        "props": {
          "text": "Valve open",
          "textStyle": {
            "color": "#42B351"
          }
        },
        "type": "ia.display.label"
      },
      {
        "meta": {
          "name": "Pump_Icon"
        },
        "position": {
          "height": 0.0626,
          "rotate": {
            "anchor": "39% 50%"
          },
          "width": 0.0379,
          "x": 0.621,
          "y": 0.5134
        },
        "propConfig": {
          "props.color": {
            "binding": {
              "config": {
                "expression": "if({[default]water level tags/Pump_on}, \"green\", \"white\")\r\n"
              },
              "type": "expr"
            }
          }
        },
        "props": {
          "path": "sample-components/symbols-pump"
        },
        "type": "ia.display.icon"
      },
      {
        "meta": {
          "name": "Icon"
        },
        "position": {
          "height": 0.0675,
          "width": 0.0399,
          "x": 0.6889,
          "y": 0.5134
        },
        "propConfig": {
          "props.color": {
            "binding": {
              "config": {
                "expression": "if({[default]water level tags/Valve_on}, \"green\", \"white\")\r\n"
              },
              "type": "expr"
            }
          }
        },
        "props": {
          "path": "sample-components/symbols-valve"
        },
        "type": "ia.display.icon"
      },
      {
        "events": {
          "component": {
            "onActionPerformed": {
              "config": {
                "script": "\tvalue\u003dsystem.tag.readBlocking([\"[default]water level tags/HOA_Mode\"])[0].value\n\t\n\tif value \u003d\u003d \"Hand\" or value \u003d\u003d \"off\":\n\t\tsystem.tag.writeBlocking([\"[default]water level tags/HOA_Mode\"], [\"Auto\"])\n#\t\tself.getSibling(\"Pump_on\").meta.visible \u003d False\n#\t\tself.getSibling(\"Valve_on\").meta.visible \u003d False\n\telse:\n\t\tsystem.tag.writeBlocking([\"[default]water level tags/HOA_Mode\"], [\"Hand\"])\n#\t\tself.getSibling(\"Pump_on\").meta.visible \u003d True\n#\t\tself.getSibling(\"Valve_on\").meta.visible \u003d True\n\t\tsystem.tag.writeBlocking([\"[default]water level tags/Valve_on\"], [False])\n\t\tsystem.tag.writeBlocking([\"[default]water level tags/Pump_on\"], [False])\n"
              },
              "scope": "G",
              "type": "script"
            }
          }
        },
        "meta": {
          "name": "Button"
        },
        "position": {
          "height": 0.1362,
          "width": 0.0671,
          "x": 0.9204,
          "y": 0.1816
        },
        "propConfig": {
          "props.style.backgroundColor": {
            "binding": {
              "config": {
                "expression": "if({[default]water level tags/HOA_Mode}\u003d\"Hand\", \"#50FA7B\",\r\n    if({[default]water level tags/HOA_Mode}\u003d\"Auto\", \"#FF5555\", \"#FF5555\"))"
              },
              "type": "expr"
            }
          }
        },
        "props": {
          "image": {
            "position": "center"
          },
          "style": {
            "borderBottomLeftRadius": 80,
            "borderBottomRightRadius": 80,
            "borderStyle": "solid",
            "borderTopLeftRadius": 80,
            "borderTopRightRadius": 80,
            "borderWidth": 5,
            "color": "#F8F8F2"
          },
          "text": "Manual",
          "textStyle": {
            "fontSize": 20
          }
        },
        "type": "ia.input.button"
      },
      {
        "events": {
          "component": {
            "onActionPerformed": {
              "config": {
                "script": "    pumpTag \u003d \"[default]water level tags/Pump_on\"\n    currentValue \u003d system.tag.readBlocking([pumpTag])[0].value\n    system.tag.writeBlocking([pumpTag], [not currentValue])"
              },
              "scope": "G",
              "type": "script"
            }
          }
        },
        "meta": {
          "name": "Pump_on"
        },
        "position": {
          "height": 0.0818,
          "width": 0.0522,
          "x": 0.9281,
          "y": 0.3519
        },
        "propConfig": {
          "meta.visible": {
            "binding": {
              "config": {
                "fallbackDelay": 2.5,
                "mode": "direct",
                "tagPath": "[default]water level tags/HOA_Mode"
              },
              "transforms": [
                {
                  "fallback": 0,
                  "inputType": "scalar",
                  "mappings": [
                    {
                      "input": "Hand",
                      "output": true
                    }
                  ],
                  "outputType": "scalar",
                  "type": "map"
                }
              ],
              "type": "tag"
            }
          },
          "props.style.backgroundColor": {
            "binding": {
              "config": {
                "expression": "if({[default]water level tags/Pump_on}\u003dTrue, \"#50FA7B\",\"#FF5555\")"
              },
              "type": "expr"
            }
          }
        },
        "props": {
          "image": {
            "height": 57,
            "width": 57
          },
          "style": {
            "color": "#F8F8F2"
          },
          "text": "Pump on",
          "textStyle": {
            "fontSize": 20
          }
        },
        "type": "ia.input.button"
      },
      {
        "meta": {
          "name": "Label"
        },
        "position": {
          "height": 0.0693,
          "width": 0.1987,
          "x": 0.0033,
          "y": 0.0156
        },
        "props": {
          "style": {
            "color": "#F8F8F2"
          },
          "text": "Water Level",
          "textStyle": {
            "fontSize": 30,
            "fontWeight": "bold"
          }
        },
        "type": "ia.display.label"
      },
      {
        "events": {
          "component": {
            "onActionPerformed": {
              "config": {
                "script": "\tvalveTag \u003d \"[default]water level tags/Valve_on\"\n\tcurrentValue \u003d system.tag.readBlocking([valveTag])[0].value\n\tsystem.tag.writeBlocking([valveTag], [not currentValue])\n"
              },
              "scope": "G",
              "type": "script"
            }
          }
        },
        "meta": {
          "name": "Valve_on"
        },
        "position": {
          "height": 0.0818,
          "width": 0.0521,
          "x": 0.9276,
          "y": 0.4518
        },
        "propConfig": {
          "meta.visible": {
            "binding": {
              "config": {
                "fallbackDelay": 2.5,
                "mode": "direct",
                "tagPath": "[default]water level tags/HOA_Mode"
              },
              "transforms": [
                {
                  "fallback": false,
                  "inputType": "scalar",
                  "mappings": [
                    {
                      "input": "Hand",
                      "output": true
                    }
                  ],
                  "outputType": "scalar",
                  "type": "map"
                }
              ],
              "type": "tag"
            }
          },
          "props.style.backgroundColor": {
            "binding": {
              "config": {
                "expression": "if({[default]water level tags/Valve_on}\u003dTrue, \"#50FA7B\",\"#FF5555\")\r\n"
              },
              "type": "expr"
            }
          }
        },
        "props": {
          "image": {
            "height": 57,
            "width": 57
          },
          "style": {
            "color": "#F8F8F2"
          },
          "text": "Valve open",
          "textStyle": {
            "fontSize": 20
          }
        },
        "type": "ia.input.button"
      },
      {
        "meta": {
          "name": "TimeSeriesChart"
        },
        "position": {
          "height": 0.3492,
          "width": 0.2205,
          "x": 0.2734,
          "y": 0.2661
        },
        "propConfig": {
          "props.series[0].data": {
            "binding": {
              "config": {
                "aggregate": "MinMax",
                "avoidScanClassValidation": true,
                "dateRange": {
                  "mostRecent": "6",
                  "mostRecentUnits": "MIN"
                },
                "enableValueCache": true,
                "ignoreBadQuality": false,
                "polling": {
                  "enabled": true,
                  "rate": "1"
                },
                "preventInterpolation": false,
                "returnFormat": "Wide",
                "returnSize": {
                  "delay": "1",
                  "delayUnits": "SEC",
                  "type": "INTERVAL"
                },
                "tags": [
                  {
                    "aggregate": "Average",
                    "path": "[TankProjectDB/ignition-alwaleed-laptop:default]water level tags/waterlevel"
                  }
                ],
                "valueFormat": "DATASET"
              },
              "type": "tag-history"
            }
          }
        },
        "props": {
          "defaultStyles": {
            "colorScheme": "Set3"
          },
          "plots": [
            {
              "axes": [],
              "markers": [],
              "relativeWeight": 8,
              "trends": [
                {
                  "axis": "",
                  "baselines": [],
                  "breakLine": true,
                  "columns": [],
                  "interpolation": "curveStepAfter",
                  "radius": 2,
                  "series": "water Level",
                  "stack": true,
                  "type": "line",
                  "visible": true
                }
              ]
            }
          ],
          "series": [
            {
              "name": "water Level"
            }
          ],
          "timeAxis": {
            "color": "#EEEEEE",
            "grid": {
              "color": "#FFF1F1"
            },
            "style": {
              "color": "#F6F6F6"
            },
            "visible": false
          },
          "timeRange": {
            "visible": false
          },
          "title": {
            "font": {
              "color": "#F2EFEF"
            },
            "height": 20,
            "style": {
              "fontFamily": "Roboto",
              "fontWeight": "bold"
            },
            "visible": true
          },
          "xTrace": {
            "line": {
              "color": "#F60E0E"
            }
          }
        },
        "type": "ia.chart.timeseries"
      },
      {
        "meta": {
          "name": "CylindricalTank"
        },
        "position": {
          "height": 0.5707,
          "width": 0.1879,
          "x": 0.0223,
          "y": 0.2485
        },
        "propConfig": {
          "props.value": {
            "binding": {
              "config": {
                "fallbackDelay": 2.5,
                "mode": "direct",
                "tagPath": "[default]water level tags/WaterLevel"
              },
              "type": "tag"
            }
          }
        },
        "props": {
          "style": {
            "color": "#E1E5FD"
          },
          "tankColor": "#282A36"
        },
        "type": "ia.display.cylindrical-tank"
      },
      {
        "events": {
          "dom": {
            "onClick": {
              "config": {
                "params": {},
                "view": "alarms"
              },
              "scope": "C",
              "type": "nav"
            }
          }
        },
        "meta": {
          "name": "Icon_0"
        },
        "position": {
          "height": 0.0834,
          "width": 0.0402,
          "x": 0.9443,
          "y": 0.0209
        },
        "props": {
          "path": "sample-components/display-alarmStatusTable"
        },
        "type": "ia.display.icon"
      },
      {
        "meta": {
          "name": "Label_3"
        },
        "position": {
          "height": 0.0417,
          "rotate": {
            "anchor": "36% 50%"
          },
          "width": 0.0387,
          "x": 0.9228,
          "y": 0.0092
        },
        "propConfig": {
          "props.text": {
            "binding": {
              "config": {
                "fallbackDelay": 2.5,
                "mode": "direct",
                "tagPath": "[System]Gateway/Alarming/Active and Unacked"
              },
              "type": "tag"
            }
          }
        },
        "props": {
          "style": {
            "fontSize": 25
          }
        },
        "type": "ia.display.label"
      },
      {
        "events": {
          "dom": {
            "onClick": {
              "config": {
                "params": {},
                "view": "Trends"
              },
              "scope": "C",
              "type": "nav"
            }
          }
        },
        "meta": {
          "name": "Icon_1"
        },
        "position": {
          "height": 0.0795,
          "rotate": {
            "anchor": "37% 38%"
          },
          "width": 0.0588,
          "x": 0.8664,
          "y": 0.0169
        },
        "props": {
          "path": "material/trending_up"
        },
        "type": "ia.display.icon"
      },
      {
        "meta": {
          "name": "SimpleGauge_0"
        },
        "position": {
          "height": 0.2753,
          "width": 0.1766,
          "x": 0.6816,
          "y": 0.2654
        },
        "propConfig": {
          "props.value": {
            "binding": {
              "config": {
                "avoidScanClassValidation": true,
                "calculations": [
                  "Average"
                ],
                "dateRange": {
                  "mostRecent": "1",
                  "mostRecentUnits": "MIN"
                },
                "enableValueCache": true,
                "ignoreBadQuality": false,
                "polling": {
                  "enabled": true,
                  "rate": "1"
                },
                "preventInterpolation": false,
                "returnFormat": "Calculations",
                "tags": [
                  {
                    "path": "[TankProjectDB/ignition-alwaleed-laptop:default]water level tags/pumppower_kw"
                  }
                ],
                "valueFormat": "DATASET"
              },
              "transforms": [
                {
                  "code": "\treturn value.getValueAt(0, \"Average\")",
                  "type": "script"
                }
              ],
              "type": "tag-history"
            }
          }
        },
        "props": {
          "arc": {
            "color": "#55EEFF"
          },
          "label": {
            "color": "#F8F8F2",
            "maxDecimal": 2,
            "offsetY": 22
          },
          "maxValue": 5,
          "startAngle": 90,
          "style": {
            "fontWeight": "normal"
          }
        },
        "type": "ia.chart.simple-gauge"
      },
      {
        "meta": {
          "name": "SimpleGauge_1"
        },
        "position": {
          "height": 0.2753,
          "width": 0.1766,
          "x": 0.5156,
          "y": 0.2654
        },
        "propConfig": {
          "props.value": {
            "binding": {
              "config": {
                "avoidScanClassValidation": true,
                "calculations": [
                  "Average"
                ],
                "dateRange": {
                  "mostRecent": "1",
                  "mostRecentUnits": "MIN"
                },
                "enableValueCache": true,
                "ignoreBadQuality": false,
                "polling": {
                  "enabled": true,
                  "rate": "1"
                },
                "preventInterpolation": false,
                "returnFormat": "Calculations",
                "tags": [
                  {
                    "path": "[TankProjectDB/ignition-alwaleed-laptop:default]water level tags/waterlevel"
                  }
                ],
                "valueFormat": "DATASET"
              },
              "transforms": [
                {
                  "code": "\treturn value.getValueAt(0, \"Average\")",
                  "type": "script"
                }
              ],
              "type": "tag-history"
            }
          }
        },
        "props": {
          "arc": {
            "color": "#55EEFF"
          },
          "label": {
            "color": "#F8F8F2",
            "maxDecimal": 2,
            "offsetY": 22
          },
          "startAngle": 90,
          "style": {
            "fontWeight": "normal"
          }
        },
        "type": "ia.chart.simple-gauge"
      },
      {
        "meta": {
          "name": "Label_4"
        },
        "position": {
          "height": 0.0378,
          "width": 0.1548,
          "x": 0.5216,
          "y": 0.253
        },
        "props": {
          "style": {
            "color": "#F4F4F4",
            "fontFamily": "Roboto",
            "fontSize": 18,
            "fontWeight": "bold"
          },
          "text": "Water Level Avg/min"
        },
        "type": "ia.display.label"
      },
      {
        "meta": {
          "name": "Label_5"
        },
        "position": {
          "height": 0.0378,
          "width": 0.1641,
          "x": 0.6883,
          "y": 0.2543
        },
        "props": {
          "style": {
            "color": "#F4F4F4",
            "fontFamily": "Roboto",
            "fontSize": 18,
            "fontWeight": "bold"
          },
          "text": "Pump Power Avg kW/min"
        },
        "type": "ia.display.label"
      },
      {
        "meta": {
          "name": "Label_6"
        },
        "position": {
          "height": 0.0378,
          "width": 0.1548,
          "x": 0.3192,
          "y": 0.253
        },
        "props": {
          "style": {
            "color": "#F4F4F4",
            "fontFamily": "Roboto",
            "fontSize": 18,
            "fontWeight": "bold"
          },
          "text": "Water Level"
        },
        "type": "ia.display.label"
      }
    ],
    "meta": {
      "name": "root"
    },
    "position": {
      "x": 45,
      "y": 1.5
    },
    "props": {
      "mode": "percent",
      "style": {
        "backgroundColor": "#282A36",
        "textAlign": "center"
      }
    },
    "type": "ia.container.coord"
  }
}