{
  "custom": {},
  "params": {},
  "props": {
    "defaultSize": {
      "height": 695,
      "width": 889
    }
  },
  "root": {
    "children": [
      {
        "meta": {
          "name": "PowerChart"
        },
        "position": {
          "height": 0.7596,
          "width": 1.0012,
          "x": -0.0013,
          "y": -0.0218
        },
        "props": {
          "axes": [
            {
              "color": "#757A7F",
              "dataFormat": "0,0.##",
              "grid": {
                "color": "#757A7F",
                "dashArray": 0,
                "opacity": 0.9,
                "style": {
                  "classes": ""
                },
                "visible": false
              },
              "label": {
                "font": {
                  "color": "#757A7F",
                  "size": 10
                },
                "offset": 0,
                "style": {
                  "classes": ""
                },
                "text": ""
              },
              "name": "Default",
              "position": "left",
              "range": {
                "auto": true,
                "max": null,
                "min": null
              },
              "style": {
                "classes": ""
              },
              "tick": {
                "color": "#757A7F",
                "count": "Auto",
                "label": {
                  "font": {
                    "color": "#757A7F",
                    "size": 10
                  },
                  "format": "Auto",
                  "style": {
                    "classes": ""
                  }
                },
                "style": {
                  "classes": ""
                }
              },
              "width": 50
            },
            {
              "color": "#757A7F",
              "dataFormat": "0,0.##",
              "grid": {
                "color": "#757A7F",
                "dashArray": 0,
                "opacity": 0.9,
                "style": {
                  "classes": ""
                },
                "visible": false
              },
              "label": {
                "font": {
                  "color": "#757A7F",
                  "size": 10
                },
                "offset": 0,
                "style": {
                  "classes": ""
                },
                "text": ""
              },
              "name": "Axis 1",
              "position": "left",
              "range": {
                "auto": true,
                "max": "",
                "min": ""
              },
              "style": {
                "classes": ""
              },
              "tick": {
                "color": "#757A7F",
                "count": "Auto",
                "label": {
                  "font": {
                    "color": "#757A7F",
                    "size": 10
                  },
                  "format": "Auto",
                  "style": {
                    "classes": ""
                  }
                },
                "style": {
                  "classes": ""
                }
              },
              "width": 50
            }
          ],
          "config": {
            "measureOfTime": "minutes",
            "rangeEndDate": {
              "$": [
                "ts",
                0,
                1754450065864
              ],
              "$ts": 1754450064820
            },
            "rangeSelectorPen": "histprov:TankProjectDB:/drv:ignition-alwaleed-laptop:default:/tag:water level tags/waterlevel",
            "rangeStartDate": {
              "$": [
                "ts",
                0,
                1754450065864
              ],
              "$ts": 1754449765820
            },
            "responsiveDesignWidth": 700,
            "unitOfTime": 5,
            "visibility": {
              "buttons": {
                "showXTraceButton": false
              }
            }
          },
          "dataColumns": {
            "penControl": {
              "axis": false,
              "plot": false,
              "xTrace": false
            }
          },
          "interaction": {
            "chartZoomLevel": 1,
            "mode": "xTrace",
            "rangeZoomLevel": 1,
            "xTrace": {
              "line": {
                "width": 3
              }
            }
          },
          "pens": [
            {
              "axis": "",
              "data": {
                "aggregateMode": "default",
                "source": "histprov:TankProjectDB:/drv:ignition-alwaleed-laptop:default:/tag:water level tags/waterlevel"
              },
              "display": {
                "breakLine": true,
                "interpolation": "curveLinear",
                "radius": 3,
                "styles": {
                  "highlighted": {
                    "fill": {
                      "color": "#63BEA2",
                      "opacity": 1
                    },
                    "stroke": {
                      "color": "#63BEA2",
                      "dashArray": 0,
                      "opacity": 1,
                      "width": 1
                    }
                  },
                  "muted": {
                    "fill": {
                      "color": "#63BEA2",
                      "opacity": 0.4
                    },
                    "stroke": {
                      "color": "#63BEA2",
                      "dashArray": 0,
                      "opacity": 0.4,
                      "width": 1
                    }
                  },
                  "normal": {
                    "fill": {
                      "color": "#63BEA2",
                      "opacity": 0.8
                    },
                    "stroke": {
                      "color": "#63BEA2",
                      "dashArray": 0,
                      "opacity": 0.8,
                      "width": 1
                    }
                  },
                  "selected": {
                    "fill": {
                      "color": "#63BEA2",
                      "opacity": 1
                    },
                    "stroke": {
                      "color": "#63BEA2",
                      "dashArray": 0,
                      "opacity": 1,
                      "width": 1
                    }
                  }
                },
                "type": "line"
              },
              "enabled": true,
              "name": "water level",
              "plot": 0,
              "selectable": true,
              "visible": true
            },
            {
              "axis": "Axis 1",
              "data": {
                "aggregateMode": "default",
                "source": "histprov:TankProjectDB:/drv:ignition-alwaleed-laptop:default:/tag:water level tags/pump_on"
              },
              "display": {
                "breakLine": true,
                "interpolation": "curveLinear",
                "radius": 3,
                "styles": {
                  "highlighted": {
                    "fill": {
                      "color": "#FC8D62",
                      "opacity": 1
                    },
                    "stroke": {
                      "color": "#fc8d62",
                      "dashArray": 0,
                      "opacity": 1,
                      "width": 1
                    }
                  },
                  "muted": {
                    "fill": {
                      "color": "#FC8D62",
                      "opacity": 0.4
                    },
                    "stroke": {
                      "color": "#fc8d62",
                      "dashArray": 0,
                      "opacity": 0.4,
                      "width": 1
                    }
                  },
                  "normal": {
                    "fill": {
                      "color": "#FC8D62",
                      "opacity": 0.8
                    },
                    "stroke": {
                      "color": "#fc8d62",
                      "dashArray": 0,
                      "opacity": 0.8,
                      "width": 1
                    }
                  },
                  "selected": {
                    "fill": {
                      "color": "#FC8D62",
                      "opacity": 1
                    },
                    "stroke": {
                      "color": "#fc8d62",
                      "dashArray": 0,
                      "opacity": 1,
                      "width": 1
                    }
                  }
                },
                "type": "line"
              },
              "enabled": true,
              "name": "pump_on",
              "plot": 1,
              "selectable": true,
              "visible": true
            },
            {
              "axis": "Axis 1",
              "data": {
                "aggregateMode": "default",
                "source": "histprov:TankProjectDB:/drv:ignition-alwaleed-laptop:default:/tag:water level tags/valve_on"
              },
              "display": {
                "breakLine": true,
                "interpolation": "curveLinear",
                "radius": 3,
                "styles": {
                  "highlighted": {
                    "fill": {
                      "color": "#8DA0CB",
                      "opacity": 1
                    },
                    "stroke": {
                      "color": "#8da0cb",
                      "dashArray": 0,
                      "opacity": 1,
                      "width": 1
                    }
                  },
                  "muted": {
                    "fill": {
                      "color": "#8DA0CB",
                      "opacity": 0.4
                    },
                    "stroke": {
                      "color": "#8da0cb",
                      "dashArray": 0,
                      "opacity": 0.4,
                      "width": 1
                    }
                  },
                  "normal": {
                    "fill": {
                      "color": "#8DA0CB",
                      "opacity": 0.8
                    },
                    "stroke": {
                      "color": "#8da0cb",
                      "dashArray": 0,
                      "opacity": 0.8,
                      "width": 1
                    }
                  },
                  "selected": {
                    "fill": {
                      "color": "#8DA0CB",
                      "opacity": 1
                    },
                    "stroke": {
                      "color": "#8da0cb",
                      "dashArray": 0,
                      "opacity": 1,
                      "width": 1
                    }
                  }
                },
                "type": "line"
              },
              "enabled": true,
              "name": "valve_on",
              "plot": 1,
              "selectable": true,
              "visible": true
            },
            {
              "axis": "",
              "data": {
                "aggregateMode": "default",
                "source": "histprov:TankProjectDB:/drv:ignition-alwaleed-laptop:default:/tag:water level tags/pumppower_kw"
              },
              "display": {
                "breakLine": true,
                "interpolation": "curveLinear",
                "radius": 3,
                "styles": {
                  "highlighted": {
                    "fill": {
                      "color": "#E78AC3",
                      "opacity": 1
                    },
                    "stroke": {
                      "color": "#e78ac3",
                      "dashArray": 0,
                      "opacity": 1,
                      "width": 1
                    }
                  },
                  "muted": {
                    "fill": {
                      "color": "#E78AC3",
                      "opacity": 0.4
                    },
                    "stroke": {
                      "color": "#e78ac3",
                      "dashArray": 0,
                      "opacity": 0.4,
                      "width": 1
                    }
                  },
                  "normal": {
                    "fill": {
                      "color": "#E78AC3",
                      "opacity": 0.8
                    },
                    "stroke": {
                      "color": "#e78ac3",
                      "dashArray": 0,
                      "opacity": 0.8,
                      "width": 1
                    }
                  },
                  "selected": {
                    "fill": {
                      "color": "#E78AC3",
                      "opacity": 1
                    },
                    "stroke": {
                      "color": "#e78ac3",
                      "dashArray": 0,
                      "opacity": 1,
                      "width": 1
                    }
                  }
                },
                "type": "bar"
              },
              "enabled": true,
              "name": "Pump Power_kw",
              "plot": 1,
              "selectable": true,
              "visible": true
            }
          ],
          "plots": [
            {
              "color": "#FFFFFF",
              "markers": [],
              "relativeWeight": 1,
              "style": {
                "classes": ""
              }
            },
            {
              "color": "#FFFFFF",
              "markers": [],
              "relativeWeight": 1,
              "style": {
                "classes": ""
              }
            }
          ]
        },
        "type": "ia.chart.powerchart"
      },
      {
        "events": {
          "component": {
            "onActionPerformed": {
              "config": {
                "params": {},
                "view": "Main"
              },
              "scope": "C",
              "type": "nav"
            }
          }
        },
        "meta": {
          "name": "Button"
        },
        "position": {
          "height": 0.0675,
          "width": 0.1318,
          "x": 0.8687,
          "y": 0.8888
        },
        "props": {
          "text": "Back to Main"
        },
        "type": "ia.input.button"
      }
    ],
    "meta": {
      "name": "root"
    },
    "props": {
      "mode": "percent",
      "style": {
        "backgroundColor": "#282A36"
      }
    },
    "type": "ia.container.coord"
  }
}