{
  "custom": {},
  "params": {},
  "props": {
    "defaultSize": {
      "width": 918
    }
  },
  "root": {
    "children": [
      {
        "meta": {
          "name": "AlarmStatusTable"
        },
        "position": {
          "height": 0.5112,
          "width": 1,
          "x": 0.0011,
          "y": 0.0038
        },
        "props": {
          "columns": {
            "active": {
              "activeTime": {
                "order": 3
              },
              "displayPath": {
                "enabled": false
              },
              "name": {
                "order": 0
              },
              "source": {
                "enabled": false
              }
            }
          },
          "pager": {
            "enabled": false
          },
          "rowStyles": {
            "activeAcked": {
              "priorities": {
                "diagnostic": {
                  "color": "#322F2F"
                }
              }
            },
            "activeUnacked": {
              "base": {
                "fontWeight": "normal"
              }
            },
            "clearAcked": {
              "priorities": {
                "diagnostic": {
                  "color": "#3F2222"
                }
              }
            }
          },
          "style": {
            "boxShadow": "0px 4px 12px rgba(0, 0, 0, 0.35) "
          },
          "toolbar": {
            "enablePreFilters": false
          }
        },
        "type": "ia.display.alarmstatustable"
      },
      {
        "events": {
          "component": {
            "onActionPerformed": {
              "config": {
                "params": {},
                "view": "Main"
              },
              "scope": "C",
              "type": "nav"
            }
          }
        },
        "meta": {
          "name": "Button"
        },
        "position": {
          "height": 0.0675,
          "width": 0.1318,
          "x": 0.7603,
          "y": 0.5975
        },
        "props": {
          "text": "Back to Main"
        },
        "type": "ia.input.button"
      }
    ],
    "meta": {
      "name": "root"
    },
    "props": {
      "mode": "percent",
      "style": {
        "backgroundColor": "#282A36"
      }
    },
    "type": "ia.container.coord"
  }
}